Workbook

Sheet 1. Creation of Rules-Workflows

Sheet 2. Creation of "profiles"
A1: snowmed CT code | B1: snowmed CT Preferred name | C1: Fields | E1: Rule/Workflow | F1: Processing/Filtering | G1: low SpO2 threshold | H1: low SpO2 riemann integral threshold | I1: low HR threshold | J1: high HR threshold | K1: low ABP threshold | L1: high ABP threshold | M1: low average ABP threshold | N1: low average ABP threshold | O1: high MEWS score threshold | P1: high HR MEWS attribute threshold | Q1: high RR MEWS attribute threshold | R1: high Temp MEWS attribute threshold | S1: high SpO2 MEWS attribute threshold | T1: high BP MEWS attribute threshold
A2: 405269005 | B2: Neonatal intensive care unit | C2: Ward | E2: EX-C3-9 : filtering out non-actionable low SpO2 dips | F2: Filtering | G2: 98
A3: 405269006 | B3: Neonatal intensive care unit | C3: Ward | E3: EX-C3-9 : advisory for low SpO2 dips | F3: Processing | H3: 20
A4: 84114007 | B4: Heart failure | C4: Admission reason | E4: EX-C3-1 : advisory deterioration based on MEWS score | F4: Processing | O4: 5 | P4: 2 | Q4: 2 | R4: 10 | S4: 10 | T4: 2
A5: 84114008 | B5: Heart failure | C5: Active conditions | E5: EX-C3-1 : advisory deterioration based on MEWS score | F5: Processing | O5: 5 | P5: 2 | Q5: 2 | R5: 10 | S5: 10 | T5: 2
A6: 84114009 | B6: Heart failure | C6: Comorbidities | E6: EX-C3-1 : advisory deterioration based on MEWS score | F6: Processing | O6: 5 | P6: 2 | Q6: 2 | R6: 10 | S6: 10 | T6: 2
A7: 84114010 | B7: Heart failure | C7: Predicted risks | E7: EX-C3-1 : advisory deterioration based on MEWS score | F7: Processing | O7: 5 | P7: 2 | Q7: 2 | R7: 10 | S7: 10 | T7: 2
A8: 13645005 | B8: Chronic obstructive pulmonary disease | C8: Active conditions | E8: EX-C2-7-1: filtering out non-actionable low SpO2 alarms | F8: Filtering | G8: 90
A9: 13645006 | B9: Chronic obstructive pulmonary disease | C9: Active conditions | E9: EX-C2-7-2: advisory low SpO2 | F9: Processing | G9: 90
A10: 13645007 | B10: Chronic obstructive pulmonary disease | C10: Comorbidities | E10: EX-C2-7-1: filtering out non-actionable low SpO2 alarms | F10: Filtering | G10: 90
A11: 13645008 | B11: Chronic obstructive pulmonary disease | C11: Comorbidities | E11: EX-C2-7-2: advisory low SpO2 | F11: Processing | G11: 90
A12: 309904001 | B12: Intensive care unit | C12: Ward | E12: EX-C1-2: filtering out non-actionable asystole alarm | F12: Filtering | I12: 40 | J12: 120 | K12: 60 | L12: 140
A13: 309904002 | B13: Intensive care unit | C13: Ward | E13: EX-C2-7-2: advisory low SpO2 | F13: Processing | G13: 100
A14: 309904003 | B14: Intensive care unit | C14: Ward | E14: EX-C2-7-1: filtering out non-actionable low SpO2 alarms | F14: Filtering | G14: 98
A15: 309904004 | B15: Intensive care unit | C15: Ward | E15: EX-C3-1 : advisory deterioration based on MEWS score | F15: Processing | O15: 5 | P15: 10 | Q15: 10 | R15: 10 | S15: 10 | T15: 10
A16: 309904005 | B16: Intensive care unit | C16: Ward | E16: EX-C1-1 : filtering out non-actionable high ABP alarm | F16: Processing
A17: 309904006 | B17: Intensive care unit | C17: Ward | E17: EX-C1-1 : filtering out non-actionable high ABP alarm | F17: Filtering | L17: 150 | M17: 95
A18: 418028002 | B18: Surgical stepdown unit | C18: Ward | E18: EX-C2-3: filtering out non-actionable high HR alarm due to pain | F18: Processing
A19: 418028003 | B19: Surgical stepdown unit | C19: Ward | E19: EX-C2-3: filtering out non-actionable high HR alarm due to pain | F19: Filtering | N19: 100
A20: 418028004 | B20: Surgical stepdown unit | C20: Ward | E20: EX-C2-5: advisory potential post-operative bleeding | F20: Processing | I20: 50 | J20: 130 | K20: 60 | L20: 100
A21: 429271009 | B21: Ventilator associated pneumonia | C21: Predicted risks | E21: EX-C3-1 : advisory deterioration based on MEWS score | F21: Processing | O21: 5 | P21: 2 | Q21: 2 | R21: 2 | S21: 10 | T21: 10

Sheet 3. Link of "Profiles" to beds
A1: Bed ID | B1: Ward | C1: Admission reason | D1: Active conditions | E1: Comorbidities | F1: Predicted risks
A2: 4 | B2: Test
A3: 5 | B3: Surgical stepdown unit | F3: Postoperative hemorrhage
A4: 6 | B4: Intensive care unit
A5: 7 | B5: Intensive care unit | C5: Acute exacerbation of chronic obstructive pulmonary disease | D5: Acute exacerbation of chronic obstructive pulmonary disease | E5: Chronic obstructive pulmonary disease | F5: Ventilator associated pneumonia
A6: 8 | B6: Intensive care unit | C6: Hemorrhagic shock | D6: Hemorrhagic shock | F6: Heart failure
A7: 9 | B7: Neonatal intensive care unit | C7: Premature birth of newborn | D7: Premature birth of newborn
A8: 10 | B8: Neonatal intensive care unit | C8: Acute respiratory distress syndrome | D8: Acute respiratory distress syndrome

Sheet Overview Processing vs Beds
A1: Bed ID | B1: Profile | C1: Bed ID | D1: Profile | E1: Bed ID | F1: Profile | G1: Bed ID | H1: Ward | I1: Bed ID | J1: Profile | K1: Bed ID | L1: Profile | M1: Bed ID | N1: Profile
A2: {=IF(MOD(COLUMN()-COLUMN($A$2),2)=0, INDEX('3. Link of "Profiles" to beds'!$A$2:$A$8, (COLUMN()-COLUMN($A$2))/2+1), "")} | B2: {=IF(MOD(COLUMN()-COLUMN($B$2),2)=0, INDEX('3. Link of "Profiles" to beds'!$B$2:$B$8, (COLUMN()-COLUMN($B$2))/2+1), "")} | C2: {=IF(MOD(COLUMN()-COLUMN($A$2),2)=0, INDEX('3. Link of "Profiles" to beds'!$A$2:$A$8, (COLUMN()-COLUMN($A$2))/2+1), "")} | D2: {=IF(MOD(COLUMN()-COLUMN($B$2),2)=0, INDEX('3. Link of "Profiles" to beds'!$B$2:$B$8, (COLUMN()-COLUMN($B$2))/2+1), "")} | E2: {=IF(MOD(COLUMN()-COLUMN($A$2),2)=0, INDEX('3. Link of "Profiles" to beds'!$A$2:$A$8, (COLUMN()-COLUMN($A$2))/2+1), "")} | F2: {=IF(MOD(COLUMN()-COLUMN($B$2),2)=0, INDEX('3. Link of "Profiles" to beds'!$B$2:$B$8, (COLUMN()-COLUMN($B$2))/2+1), "")} | G2: {=IF(MOD(COLUMN()-COLUMN($A$2),2)=0, INDEX('3. Link of "Profiles" to beds'!$A$2:$A$8, (COLUMN()-COLUMN($A$2))/2+1), "")} | H2: {=IF(MOD(COLUMN()-COLUMN($B$2),2)=0, INDEX('3. Link of "Profiles" to beds'!$B$2:$B$8, (COLUMN()-COLUMN($B$2))/2+1), "")} | I2: {=IF(MOD(COLUMN()-COLUMN($A$2),2)=0, INDEX('3. Link of "Profiles" to beds'!$A$2:$A$8, (COLUMN()-COLUMN($A$2))/2+1), "")} | J2: {=IF(MOD(COLUMN()-COLUMN($B$2),2)=0, INDEX('3. Link of "Profiles" to beds'!$B$2:$B$8, (COLUMN()-COLUMN($B$2))/2+1), "")} | K2: {=IF(MOD(COLUMN()-COLUMN($A$2),2)=0, INDEX('3. Link of "Profiles" to beds'!$A$2:$A$8, (COLUMN()-COLUMN($A$2))/2+1), "")} | L2: {=IF(MOD(COLUMN()-COLUMN($B$2),2)=0, INDEX('3. Link of "Profiles" to beds'!$B$2:$B$8, (COLUMN()-COLUMN($B$2))/2+1), "")} | M2: {=IF(MOD(COLUMN()-COLUMN($A$2),2)=0, INDEX('3. Link of "Profiles" to beds'!$A$2:$A$8, (COLUMN()-COLUMN($A$2))/2+1), "")} | N2: {=IF(MOD(COLUMN()-COLUMN($B$2),2)=0, INDEX('3. Link of "Profiles" to beds'!$B$2:$B$8, (COLUMN()-COLUMN($B$2))/2+1), "")}
F3: 1 | H3: 2 | J3: 3
A4: Processing | C4: Processing | E4: Field | F4: Processing Rule | G4: Field | H4: Processing Rule | I4: Processing | K4: Processing | M4: Processing
C5: Ward | D5: {=_xlfn._xlws.FILTER( '2. Creation of "profiles"'!$E2:$E1000, ( ('2. Creation of "profiles"'!$F2:$F1000="Processing") * (D2='2. Creation of "profiles"'!$B2:$B1000) ), "no rules for patient profile" )} | E5: Ward | F5: {=_xlfn._xlws.FILTER( '2. Creation of "profiles"'!$E2:$E1000, ( ('2. Creation of "profiles"'!$F2:$F1000="Processing") * (F2='2. Creation of "profiles"'!$B2:$B1000) ), "no rules for patient profile" )} | G5: Ward | H5: {=_xlfn._xlws.FILTER( '2. Creation of "profiles"'!$E2:$E1000, ( ('2. Creation of "profiles"'!$F2:$F1000="Processing") * (H2='2. Creation of "profiles"'!$B2:$B1000) ), "no rules for ward" )} | I5: {=_xlfn.VSTACK( (_xlfn._xlws.FILTER( '2. Creation of "profiles"'!$C2:$C1000, ( ('2. Creation of "profiles"'!$F2:$F1000=I4) * (J2='2. Creation of "profiles"'!$B2:$B1000) ), "" )), (_xlfn._xlws.FILTER( '2. Creation of "profiles"'!$C2:$C1000, ( (I2='3. Link of "Profiles" to beds'!$A2:$A1000) * ('2. Creation of "profiles"'!$B2:$B1000 = '3. Link of "Profiles" to beds'!J2:J1000) * ('2. Creation of "profiles"'!$C2:$C1000="Active conditions") * ('2. Creation of "profiles"'!$F2:$F1000=I4) ) > 0, "" )), (_xlfn._xlws.FILTER( '2. Creation of "profiles"'!$C2:$C1000, ( (I2='3. Link of "Profiles" to beds'!$A2:$A1000) * ('2. Creation of "profiles"'!H2:H1000 = '3. Link of "Profiles" to beds'!K2:K1000) * ('2. Creation of "profiles"'!I2:I1000="Comorbidities") * ('2. Creation of "profiles"'!L2:L1000=I4) ) > 0, "" )), (_xlfn._xlws.FILTER( '2. Creation of "profiles"'!$C2:$C1000, ( (I2='3. Link of "Profiles" to beds'!$A2:$A1000) * ('2. Creation of "profiles"'!$B2:$B1000 = '3. Link of "Profiles" to beds'!$F2:$F1000) * ('2. Creation of "profiles"'!$C2:$C1000="Predicted risks") * ('2. Creation of "profiles"'!$F2:$F1000=I4) ) > 0, "" )) )} | J5: {=_xlfn.VSTACK( (_xlfn._xlws.FILTER( '2. Creation of "profiles"'!$E2:$E1000, ( ('2. Creation of "profiles"'!$F2:$F1000=I4) * (J2='2. Creation of "profiles"'!$B2:$B1000) ), "no rules for patient profile" )), (_xlfn._xlws.FILTER( '2. Creation of "profiles"'!$E2:$E1000, ( (I2='3. Link of "Profiles" to beds'!$A2:$A1000) * ('2. Creation of "profiles"'!$B2:$B1000 = '3. Link of "Profiles" to beds'!H2:H1000) * ('2. Creation of "profiles"'!$C2:$C1000="Active conditions") * ('2. Creation of "profiles"'!$F2:$F1000=I4) ) > 0, "no rules for active conditions" )), (_xlfn._xlws.FILTER( '2. Creation of "profiles"'!$E2:$E1000, ( (I2='3. Link of "Profiles" to beds'!$A2:$A1000) * ('2. Creation of "profiles"'!F2:F1000 = '3. Link of "Profiles" to beds'!I2:I1000) * ('2. Creation of "profiles"'!I2:I1000="Comorbidities") * ('2. Creation of "profiles"'!L2:L1000=I4) ) > 0, "no rules for comorbidities" )), (_xlfn._xlws.FILTER( '2. Creation of "profiles"'!$E2:$E1000, ( (I2='3. Link of "Profiles" to beds'!$A2:$A1000) * ('2. Creation of "profiles"'!$B2:$B1000 = '3. Link of "Profiles" to beds'!$F2:$F1000) * ('2. Creation of "profiles"'!$C2:$C1000="Predicted risks") * ('2. Creation of "profiles"'!$F2:$F1000=I4) ) > 0, "no rules for predicted risks" )) )} | K5: {=_xlfn.VSTACK( (_xlfn._xlws.FILTER( '2. Creation of "profiles"'!$C2:$C1000, ( ('2. Creation of "profiles"'!$F2:$F1000=K4) * (L2='2. Creation of "profiles"'!$B2:$B1000) ), "" )), (_xlfn._xlws.FILTER( '2. Creation of "profiles"'!$C2:$C1000, ( (K2='3. Link of "Profiles" to beds'!$A2:$A1000) * ('2. Creation of "profiles"'!$B2:$B1000 = '3. Link of "Profiles" to beds'!L2:L1000) * ('2. Creation of "profiles"'!$C2:$C1000="Active conditions") * ('2. Creation of "profiles"'!$F2:$F1000=K4) ) > 0, "" )), (_xlfn._xlws.FILTER( '2. Creation of "profiles"'!$C2:$C1000, ( (K2='3. Link of "Profiles" to beds'!$A2:$A1000) * ('2. Creation of "profiles"'!J2:J1000 = '3. Link of "Profiles" to beds'!M2:M1000) * ('2. Creation of "profiles"'!K2:K1000="Comorbidities") * ('2. Creation of "profiles"'!N2:N1000=K4) ) > 0, "" )), (_xlfn._xlws.FILTER( '2. Creation of "profiles"'!$C2:$C1000, ( (K2='3. Link of "Profiles" to beds'!$A2:$A1000) * ('2. Creation of "profiles"'!$B2:$B1000 = '3. Link of "Profiles" to beds'!$F2:$F1000) * ('2. Creation of "profiles"'!$C2:$C1000="Predicted risks") * ('2. Creation of "profiles"'!$F2:$F1000=K4) ) > 0, "" )) )} | L5: {=_xlfn.VSTACK( (_xlfn._xlws.FILTER( '2. Creation of "profiles"'!$E2:$E1000, ( ('2. Creation of "profiles"'!$F2:$F1000=K4) * (L2='2. Creation of "profiles"'!$B2:$B1000) ), "no rules for patient profile" )), (_xlfn._xlws.FILTER( '2. Creation of "profiles"'!$E2:$E1000, ( (K2='3. Link of "Profiles" to beds'!$A2:$A1000) * ('2. Creation of "profiles"'!$B2:$B1000 = '3. Link of "Profiles" to beds'!J2:J1000) * ('2. Creation of "profiles"'!$C2:$C1000="Active conditions") * ('2. Creation of "profiles"'!$F2:$F1000=K4) ) > 0, "no rules for active conditions" )), (_xlfn._xlws.FILTER( '2. Creation of "profiles"'!$E2:$E1000, ( (K2='3. Link of "Profiles" to beds'!$A2:$A1000) * ('2. Creation of "profiles"'!J2:J1000 = '3. Link of "Profiles" to beds'!K2:K1000) * ('2. Creation of "profiles"'!K2:K1000="Comorbidities") * ('2. Creation of "profiles"'!P2:P1000=K4) ) > 0, "no rules for comorbidities" )), (_xlfn._xlws.FILTER( '2. Creation of "profiles"'!$E2:$E1000, ( (K2='3. Link of "Profiles" to beds'!$A2:$A1000) * ('2. Creation of "profiles"'!$B2:$B1000 = '3. Link of "Profiles" to beds'!$F2:$F1000) * ('2. Creation of "profiles"'!$C2:$C1000="Predicted risks") * ('2. Creation of "profiles"'!$F2:$F1000=K4) ) > 0, "no rules for predicted risks" )) )} | M5: {=_xlfn.VSTACK( (_xlfn._xlws.FILTER( '2. Creation of "profiles"'!$C2:$C1000, ( ('2. Creation of "profiles"'!$F2:$F1000=M4) * (N2='2. Creation of "profiles"'!$B2:$B1000) ), "" )), (_xlfn._xlws.FILTER( '2. Creation of "profiles"'!$C2:$C1000, ( (M2='3. Link of "Profiles" to beds'!$A2:$A1000) * ('2. Creation of "profiles"'!$B2:$B1000 = '3. Link of "Profiles" to beds'!N2:N1000) * ('2. Creation of "profiles"'!$C2:$C1000="Active conditions") * ('2. Creation of "profiles"'!$F2:$F1000=M4) ) > 0, "" )), (_xlfn._xlws.FILTER( '2. Creation of "profiles"'!$C2:$C1000, ( (M2='3. Link of "Profiles" to beds'!$A2:$A1000) * ('2. Creation of "profiles"'!L2:L1000 = '3. Link of "Profiles" to beds'!O2:O1000) * ('2. Creation of "profiles"'!M2:M1000="Comorbidities") * ('2. Creation of "profiles"'!P2:P1000=M4) ) > 0, "" )), (_xlfn._xlws.FILTER( '2. Creation of "profiles"'!$C2:$C1000, ( (M2='3. Link of "Profiles" to beds'!$A2:$A1000) * ('2. Creation of "profiles"'!$B2:$B1000 = '3. Link of "Profiles" to beds'!$F2:$F1000) * ('2. Creation of "profiles"'!$C2:$C1000="Predicted risks") * ('2. Creation of "profiles"'!$F2:$F1000=M4) ) > 0, "" )) )} | N5: {=_xlfn.VSTACK( (_xlfn._xlws.FILTER( '2. Creation of "profiles"'!$E2:$E1000, ( ('2. Creation of "profiles"'!$F2:$F1000=M4) * (N2='2. Creation of "profiles"'!$B2:$B1000) ), "no rules for patient profile" )), (_xlfn._xlws.FILTER( '2. Creation of "profiles"'!$E2:$E1000, ( (M2='3. Link of "Profiles" to beds'!$A2:$A1000) * ('2. Creation of "profiles"'!$B2:$B1000 = '3. Link of "Profiles" to beds'!L2:L1000) * ('2. Creation of "profiles"'!$C2:$C1000="Active conditions") * ('2. Creation of "profiles"'!$F2:$F1000=M4) ) > 0, "no rules for active conditions" )), (_xlfn._xlws.FILTER( '2. Creation of "profiles"'!$E2:$E1000, ( (M2='3. Link of "Profiles" to beds'!$A2:$A1000) * ('2. Creation of "profiles"'!L2:L1000 = '3. Link of "Profiles" to beds'!M2:M1000) * ('2. Creation of "profiles"'!O2:O1000="Comorbidities") * ('2. Creation of "profiles"'!R2:R1000=M4) ) > 0, "no rules for comorbidities" )), (_xlfn._xlws.FILTER( '2. Creation of "profiles"'!$E2:$E1000, ( (M2='3. Link of "Profiles" to beds'!$A2:$A1000) * ('2. Creation of "profiles"'!$B2:$B1000 = '3. Link of "Profiles" to beds'!$F2:$F1000) * ('2. Creation of "profiles"'!$C2:$C1000="Predicted risks") * ('2. Creation of "profiles"'!$F2:$F1000=M4) ) > 0, "no rules for predicted risks" )) )}
C6: Ward | D6: EX-C2-5: advisory potential post-operative bleeding | E6: Ward | F6: EX-C3-1 : advisory deterioration based on MEWS score | G6: Ward | H6: EX-C3-1 : advisory deterioration based on MEWS score | I6: Ward | J6: EX-C3-1 : advisory deterioration based on MEWS score | L6: no rules for active conditions | N6: no rules for active conditions
C7: Active conditions | D7: {=_xlfn._xlws.FILTER('2. Creation of "profiles"'!E:E,('2. Creation of "profiles"'!F:F="Processing")*('2. Creation of "profiles"'!C:C='Overview Processing vs Beds'!C7)*(_xlfn._xlws.FILTER('3. Link of "Profiles" to beds'!D:D,'3. Link of "Profiles" to beds'!A:A='Overview Processing vs Beds'!C2)='2. Creation of "profiles"'!B:B),"none")} | E7: Ward | F7: EX-C1-1 : filtering out non-actionable high ABP alarm | G7: Ward | H7: EX-C1-1 : filtering out non-actionable high ABP alarm | I7: Ward | J7: EX-C1-1 : filtering out non-actionable high ABP alarm | L7: no rules for comorbidities | N7: no rules for comorbidities
C8: Comorbidities | D8: {=_xlfn._xlws.FILTER('2. Creation of "profiles"'!E:E,('2. Creation of "profiles"'!F:F="Processing")*('2. Creation of "profiles"'!C:C='Overview Processing vs Beds'!C8)*(_xlfn._xlws.FILTER('3. Link of "Profiles" to beds'!E:E,'3. Link of "Profiles" to beds'!A:A='Overview Processing vs Beds'!C2)='2. Creation of "profiles"'!B:B),"none")} | E8: Active conditions | F8: {=_xlfn._xlws.FILTER('2. Creation of "profiles"'!E:E,('2. Creation of "profiles"'!F:F="Processing")*('2. Creation of "profiles"'!C:C='Overview Processing vs Beds'!E8)*(_xlfn._xlws.FILTER('3. Link of "Profiles" to beds'!D:D,'3. Link of "Profiles" to beds'!A:A='Overview Processing vs Beds'!E2)='2. Creation of "profiles"'!B:B),"none")} | G8: Active conditions | H8: {=_xlfn._xlws.FILTER('2. Creation of "profiles"'!E:E,('2. Creation of "profiles"'!F:F="Processing")*('2. Creation of "profiles"'!C:C='Overview Processing vs Beds'!G8)*(_xlfn._xlws.FILTER('3. Link of "Profiles" to beds'!D:D,'3. Link of "Profiles" to beds'!A:A='Overview Processing vs Beds'!G2)='2. Creation of "profiles"'!B:B),"none")} | J8: no rules for active conditions | L8: no rules for predicted risks | N8: no rules for predicted risks
C9: Predicted risks | D9: {=_xlfn._xlws.FILTER('2. Creation of "profiles"'!E:E,('2. Creation of "profiles"'!F:F="Processing")*('2. Creation of "profiles"'!C:C='Overview Processing vs Beds'!C9)*(_xlfn._xlws.FILTER('3. Link of "Profiles" to beds'!F:F,'3. Link of "Profiles" to beds'!A:A='Overview Processing vs Beds'!C2)='2. Creation of "profiles"'!B:B),"none")} | E9: Comorbidities | F9: {=_xlfn._xlws.FILTER('2. Creation of "profiles"'!E:E,('2. Creation of "profiles"'!F:F="Processing")*('2. Creation of "profiles"'!C:C='Overview Processing vs Beds'!E9)*(_xlfn._xlws.FILTER('3. Link of "Profiles" to beds'!E:E,'3. Link of "Profiles" to beds'!A:A='Overview Processing vs Beds'!E2)='2. Creation of "profiles"'!B:B),"none")} | G9: Comorbidities | H9: {=_xlfn._xlws.FILTER('2. Creation of "profiles"'!E:E,('2. Creation of "profiles"'!F:F="Processing")*('2. Creation of "profiles"'!C:C='Overview Processing vs Beds'!G9)*(_xlfn._xlws.FILTER('3. Link of "Profiles" to beds'!E:E,'3. Link of "Profiles" to beds'!A:A='Overview Processing vs Beds'!G2)='2. Creation of "profiles"'!B:B),"none")} | J9: no rules for comorbidities
E10: Predicted risks | F10: {=_xlfn._xlws.FILTER('2. Creation of "profiles"'!E:E,('2. Creation of "profiles"'!F:F="Processing")*('2. Creation of "profiles"'!C:C='Overview Processing vs Beds'!G10)*(_xlfn._xlws.FILTER('3. Link of "Profiles" to beds'!F:F,'3. Link of "Profiles" to beds'!A:A='Overview Processing vs Beds'!E2)='2. Creation of "profiles"'!B:B),"none")} | G10: Predicted risks | H10: {=_xlfn._xlws.FILTER('2. Creation of "profiles"'!E:E,('2. Creation of "profiles"'!F:F="Processing")*('2. Creation of "profiles"'!C:C='Overview Processing vs Beds'!G10)*(_xlfn._xlws.FILTER('3. Link of "Profiles" to beds'!F:F,'3. Link of "Profiles" to beds'!A:A='Overview Processing vs Beds'!G2)='2. Creation of "profiles"'!B:B),"none")} | J10: no rules for predicted risks

Sheet Overview Filtering vs Beds
A1: Bed ID | B1: Profile | C1: Bed ID | D1: Profile | E1: Bed ID | F1: Profile | G1: Bed ID | H1: Profile | I1: Bed ID | J1: Profile | K1: Bed ID | L1: Profile | M1: Bed ID | N1: Profile
A2: {=IF(MOD(COLUMN()-COLUMN($A$2),2)=0, INDEX('3. Link of "Profiles" to beds'!$A$2:$A$8, (COLUMN()-COLUMN($A$2))/2+1), "")} | B2: {=IF(MOD(COLUMN()-COLUMN($B$2),2)=0, INDEX('3. Link of "Profiles" to beds'!$B$2:$B$8, (COLUMN()-COLUMN($B$2))/2+1), "")} | C2: {=IF(MOD(COLUMN()-COLUMN($A$2),2)=0, INDEX('3. Link of "Profiles" to beds'!$A$2:$A$8, (COLUMN()-COLUMN($A$2))/2+1), "")} | D2: {=IF(MOD(COLUMN()-COLUMN($B$2),2)=0, INDEX('3. Link of "Profiles" to beds'!$B$2:$B$8, (COLUMN()-COLUMN($B$2))/2+1), "")} | E2: {=IF(MOD(COLUMN()-COLUMN($A$2),2)=0, INDEX('3. Link of "Profiles" to beds'!$A$2:$A$8, (COLUMN()-COLUMN($A$2))/2+1), "")} | F2: {=IF(MOD(COLUMN()-COLUMN($B$2),2)=0, INDEX('3. Link of "Profiles" to beds'!$B$2:$B$8, (COLUMN()-COLUMN($B$2))/2+1), "")} | G2: {=IF(MOD(COLUMN()-COLUMN($A$2),2)=0, INDEX('3. Link of "Profiles" to beds'!$A$2:$A$8, (COLUMN()-COLUMN($A$2))/2+1), "")} | H2: {=IF(MOD(COLUMN()-COLUMN($B$2),2)=0, INDEX('3. Link of "Profiles" to beds'!$B$2:$B$8, (COLUMN()-COLUMN($B$2))/2+1), "")} | I2: {=IF(MOD(COLUMN()-COLUMN($A$2),2)=0, INDEX('3. Link of "Profiles" to beds'!$A$2:$A$8, (COLUMN()-COLUMN($A$2))/2+1), "")} | J2: {=IF(MOD(COLUMN()-COLUMN($B$2),2)=0, INDEX('3. Link of "Profiles" to beds'!$B$2:$B$8, (COLUMN()-COLUMN($B$2))/2+1), "")} | K2: {=IF(MOD(COLUMN()-COLUMN($A$2),2)=0, INDEX('3. Link of "Profiles" to beds'!$A$2:$A$8, (COLUMN()-COLUMN($A$2))/2+1), "")} | L2: {=IF(MOD(COLUMN()-COLUMN($B$2),2)=0, INDEX('3. Link of "Profiles" to beds'!$B$2:$B$8, (COLUMN()-COLUMN($B$2))/2+1), "")} | M2: {=IF(MOD(COLUMN()-COLUMN($A$2),2)=0, INDEX('3. Link of "Profiles" to beds'!$A$2:$A$8, (COLUMN()-COLUMN($A$2))/2+1), "")} | N2: {=IF(MOD(COLUMN()-COLUMN($B$2),2)=0, INDEX('3. Link of "Profiles" to beds'!$B$2:$B$8, (COLUMN()-COLUMN($B$2))/2+1), "")}
A4: Filtering | C4: Filtering | E4: Filtering | G4: Filtering | I4: Filtering | K4: Filtering | M4: Filtering
C6: {=_xlfn.VSTACK( (_xlfn._xlws.FILTER( '2. Creation of "profiles"'!$C2:$C1000, ( ('2. Creation of "profiles"'!$F2:$F1000=C4) * (D2='2. Creation of "profiles"'!$B2:$B1000) ), "" )), (_xlfn._xlws.FILTER( '2. Creation of "profiles"'!$C2:$C1000, ( (C2='3. Link of "Profiles" to beds'!$A2:$A1000) * ('2. Creation of "profiles"'!$B2:$B1000 = '3. Link of "Profiles" to beds'!D2:D1000) * ('2. Creation of "profiles"'!$C2:$C1000="Active conditions") * ('2. Creation of "profiles"'!$F2:$F1000=C4) ) > 0, "" )), (_xlfn._xlws.FILTER( '2. Creation of "profiles"'!$C2:$C1000, ( (C2='3. Link of "Profiles" to beds'!$A2:$A1000) * ('2. Creation of "profiles"'!B2:B1000 = '3. Link of "Profiles" to beds'!E2:E1000) * ('2. Creation of "profiles"'!C2:C1000="Comorbidities") * ('2. Creation of "profiles"'!F2:F1000=C4) ) > 0, "" )), (_xlfn._xlws.FILTER( '2. Creation of "profiles"'!$C2:$C1000, ( (C2='3. Link of "Profiles" to beds'!$A2:$A1000) * ('2. Creation of "profiles"'!$B2:$B1000 = '3. Link of "Profiles" to beds'!$F2:$F1000) * ('2. Creation of "profiles"'!$C2:$C1000="Predicted risks") * ('2. Creation of "profiles"'!$F2:$F1000=C4) ) > 0, "" )) )} | D6: {=_xlfn.VSTACK( (_xlfn._xlws.FILTER( '2. Creation of "profiles"'!$E2:$E1000, ( ('2. Creation of "profiles"'!$F2:$F1000=C4) * (D2='2. Creation of "profiles"'!$B2:$B1000) ), "no rules for patient profile" )), (_xlfn._xlws.FILTER( '2. Creation of "profiles"'!$E2:$E1000, ( (C2='3. Link of "Profiles" to beds'!$A2:$A1000) * ('2. Creation of "profiles"'!$B2:$B1000 = '3. Link of "Profiles" to beds'!D2:D1000) * ('2. Creation of "profiles"'!$C2:$C1000="Active conditions") * ('2. Creation of "profiles"'!$F2:$F1000=C4) ) > 0, "no rules for active conditions" )), (_xlfn._xlws.FILTER( '2. Creation of "profiles"'!$E2:$E1000, ( (C2='3. Link of "Profiles" to beds'!$A2:$A1000) * ('2. Creation of "profiles"'!B2:B1000 = '3. Link of "Profiles" to beds'!E2:E1000) * ('2. Creation of "profiles"'!C2:C1000="Comorbidities") * ('2. Creation of "profiles"'!F2:F1000=C4) ) > 0, "no rules for comorbidities" )), (_xlfn._xlws.FILTER( '2. Creation of "profiles"'!$E2:$E1000, ( (C2='3. Link of "Profiles" to beds'!$A2:$A1000) * ('2. Creation of "profiles"'!$B2:$B1000 = '3. Link of "Profiles" to beds'!$F2:$F1000) * ('2. Creation of "profiles"'!$C2:$C1000="Predicted risks") * ('2. Creation of "profiles"'!$F2:$F1000=C4) ) > 0, "no rules for predicted risks" )) )} | E6: {=_xlfn.VSTACK( (_xlfn._xlws.FILTER( '2. Creation of "profiles"'!$C2:$C1000, ( ('2. Creation of "profiles"'!$F2:$F1000=E4) * (F2='2. Creation of "profiles"'!$B2:$B1000) ), "" )), (_xlfn._xlws.FILTER( '2. Creation of "profiles"'!$C2:$C1000, ( (E2='3. Link of "Profiles" to beds'!$A2:$A1000) * ('2. Creation of "profiles"'!$B2:$B1000 = '3. Link of "Profiles" to beds'!F2:F1000) * ('2. Creation of "profiles"'!$C2:$C1000="Active conditions") * ('2. Creation of "profiles"'!$F2:$F1000=E4) ) > 0, "" )), (_xlfn._xlws.FILTER( '2. Creation of "profiles"'!$C2:$C1000, ( (E2='3. Link of "Profiles" to beds'!$A2:$A1000) * ('2. Creation of "profiles"'!D2:D1000 = '3. Link of "Profiles" to beds'!G2:G1000) * ('2. Creation of "profiles"'!E2:E1000="Comorbidities") * ('2. Creation of "profiles"'!H2:H1000=E4) ) > 0, "" )), (_xlfn._xlws.FILTER( '2. Creation of "profiles"'!$C2:$C1000, ( (E2='3. Link of "Profiles" to beds'!$A2:$A1000) * ('2. Creation of "profiles"'!$B2:$B1000 = '3. Link of "Profiles" to beds'!$F2:$F1000) * ('2. Creation of "profiles"'!$C2:$C1000="Predicted risks") * ('2. Creation of "profiles"'!$F2:$F1000=E4) ) > 0, "" )) )} | F6: {=_xlfn.VSTACK( _xlfn.UNIQUE(_xlfn._xlws.FILTER( '2. Creation of "profiles"'!$E2:$E1000, ( ('2. Creation of "profiles"'!$F2:$F1000=E4) * (F2='2. Creation of "profiles"'!$B2:$B1000) ), "no rules for patient profile" )), _xlfn.UNIQUE(_xlfn._xlws.FILTER( '2. Creation of "profiles"'!$E2:$E1000, ( (E2='3. Link of "Profiles" to beds'!$A2:$A1000) * ('2. Creation of "profiles"'!$B2:$B1000 = '3. Link of "Profiles" to beds'!D2:D1000) * ('2. Creation of "profiles"'!$C2:$C1000="Active conditions") * ('2. Creation of "profiles"'!$F2:$F1000=E4) ) > 0, "no rules for active conditions" )), _xlfn.UNIQUE(_xlfn._xlws.FILTER( '2. Creation of "profiles"'!$E2:$E1000, ( (E2='3. Link of "Profiles" to beds'!$A2:$A1000) * ('2. Creation of "profiles"'!B2:B1000 = '3. Link of "Profiles" to beds'!E2:E1000) * ('2. Creation of "profiles"'!C2:C1000="Comorbidities") * ('2. Creation of "profiles"'!F2:F1000=E4) ) > 0, "no rules for comorbidities" )), _xlfn.UNIQUE(_xlfn._xlws.FILTER( '2. Creation of "profiles"'!$E2:$E1000, ( (E2='3. Link of "Profiles" to beds'!$A2:$A1000) * ('2. Creation of "profiles"'!$B2:$B1000 = '3. Link of "Profiles" to beds'!$F2:$F1000) * ('2. Creation of "profiles"'!$C2:$C1000="Predicted risks") * ('2. Creation of "profiles"'!$F2:$F1000=E4) ) > 0, "no rules for predicted risks" )) )} | G6: {=_xlfn.VSTACK( (_xlfn._xlws.FILTER( '2. Creation of "profiles"'!$C2:$C1000, ( ('2. Creation of "profiles"'!$F2:$F1000=G4) * (H2='2. Creation of "profiles"'!$B2:$B1000) ), "" )), (_xlfn._xlws.FILTER( '2. Creation of "profiles"'!$C2:$C1000, ( (G2='3. Link of "Profiles" to beds'!$A2:$A1000) * ('2. Creation of "profiles"'!$B2:$B1000 = '3. Link of "Profiles" to beds'!H2:H1000) * ('2. Creation of "profiles"'!$C2:$C1000="Active conditions") * ('2. Creation of "profiles"'!$F2:$F1000=G4) ) > 0, "" )), (_xlfn._xlws.FILTER( '2. Creation of "profiles"'!$C2:$C1000, ( (G2='3. Link of "Profiles" to beds'!$A2:$A1000) * ('2. Creation of "profiles"'!F2:F1000 = '3. Link of "Profiles" to beds'!I2:I1000) * ('2. Creation of "profiles"'!G2:G1000="Comorbidities") * ('2. Creation of "profiles"'!J2:J1000=G4) ) > 0, "" )), (_xlfn._xlws.FILTER( '2. Creation of "profiles"'!$C2:$C1000, ( (G2='3. Link of "Profiles" to beds'!$A2:$A1000) * ('2. Creation of "profiles"'!$B2:$B1000 = '3. Link of "Profiles" to beds'!$F2:$F1000) * ('2. Creation of "profiles"'!$C2:$C1000="Predicted risks") * ('2. Creation of "profiles"'!$F2:$F1000=G4) ) > 0, "" )) )} | H6: {=_xlfn.VSTACK( _xlfn.UNIQUE(_xlfn._xlws.FILTER( '2. Creation of "profiles"'!$E2:$E1000, ( ('2. Creation of "profiles"'!$F2:$F1000=G4) * (H2='2. Creation of "profiles"'!$B2:$B1000) ), "no rules for patient profile" )), _xlfn.UNIQUE(_xlfn._xlws.FILTER( '2. Creation of "profiles"'!$E2:$E1000, ( (G2='3. Link of "Profiles" to beds'!$A2:$A1000) * ('2. Creation of "profiles"'!$B2:$B1000 = '3. Link of "Profiles" to beds'!F2:F1000) * ('2. Creation of "profiles"'!$C2:$C1000="Active conditions") * ('2. Creation of "profiles"'!$F2:$F1000=G4) ) > 0, "no rules for active conditions" )), _xlfn.UNIQUE(_xlfn._xlws.FILTER( '2. Creation of "profiles"'!$E2:$E1000, ( (G2='3. Link of "Profiles" to beds'!$A2:$A1000) * ('2. Creation of "profiles"'!D2:D1000 = '3. Link of "Profiles" to beds'!G2:G1000) * ('2. Creation of "profiles"'!E2:E1000="Comorbidities") * ('2. Creation of "profiles"'!J2:J1000=G4) ) > 0, "no rules for comorbidities" )), _xlfn.UNIQUE(_xlfn._xlws.FILTER( '2. Creation of "profiles"'!$E2:$E1000, ( (G2='3. Link of "Profiles" to beds'!$A2:$A1000) * ('2. Creation of "profiles"'!$B2:$B1000 = '3. Link of "Profiles" to beds'!$F2:$F1000) * ('2. Creation of "profiles"'!$C2:$C1000="Predicted risks") * ('2. Creation of "profiles"'!$F2:$F1000=G4) ) > 0, "no rules for predicted risks" )) )} | I6: {=_xlfn.VSTACK( (_xlfn._xlws.FILTER( '2. Creation of "profiles"'!$C2:$C1000, ( ('2. Creation of "profiles"'!$F2:$F1000=I4) * (J2='2. Creation of "profiles"'!$B2:$B1000) ), "" )), (_xlfn._xlws.FILTER( '2. Creation of "profiles"'!$C2:$C1000, ( (I2='3. Link of "Profiles" to beds'!$A2:$A1000) * ('2. Creation of "profiles"'!$B2:$B1000 = '3. Link of "Profiles" to beds'!J2:J1000) * ('2. Creation of "profiles"'!$C2:$C1000="Active conditions") * ('2. Creation of "profiles"'!$F2:$F1000=I4) ) > 0, "" )), (_xlfn._xlws.FILTER( '2. Creation of "profiles"'!$C2:$C1000, ( (I2='3. Link of "Profiles" to beds'!$A2:$A1000) * ('2. Creation of "profiles"'!H2:H1000 = '3. Link of "Profiles" to beds'!K2:K1000) * ('2. Creation of "profiles"'!I2:I1000="Comorbidities") * ('2. Creation of "profiles"'!L2:L1000=I4) ) > 0, "" )), (_xlfn._xlws.FILTER( '2. Creation of "profiles"'!$C2:$C1000, ( (I2='3. Link of "Profiles" to beds'!$A2:$A1000) * ('2. Creation of "profiles"'!$B2:$B1000 = '3. Link of "Profiles" to beds'!$F2:$F1000) * ('2. Creation of "profiles"'!$C2:$C1000="Predicted risks") * ('2. Creation of "profiles"'!$F2:$F1000=I4) ) > 0, "" )) )} | J6: {=_xlfn.VSTACK( _xlfn.UNIQUE(_xlfn._xlws.FILTER( '2. Creation of "profiles"'!$E2:$E1000, ( ('2. Creation of "profiles"'!$F2:$F1000=I4) * (J2='2. Creation of "profiles"'!$B2:$B1000) ), "no rules for patient profile" )), _xlfn.UNIQUE(_xlfn._xlws.FILTER( '2. Creation of "profiles"'!$E2:$E1000, ( (I2='3. Link of "Profiles" to beds'!$A2:$A1000) * ('2. Creation of "profiles"'!$B2:$B1000 = '3. Link of "Profiles" to beds'!H2:H1000) * ('2. Creation of "profiles"'!$C2:$C1000="Active conditions") * ('2. Creation of "profiles"'!$F2:$F1000=I4) ) > 0, "no rules for active conditions" )), _xlfn.UNIQUE(_xlfn._xlws.FILTER( '2. Creation of "profiles"'!$E2:$E1000, ( (I2='3. Link of "Profiles" to beds'!$A2:$A1000) * ('2. Creation of "profiles"'!F2:F1000 = '3. Link of "Profiles" to beds'!I2:I1000) * ('2. Creation of "profiles"'!I2:I1000="Comorbidities") * ('2. Creation of "profiles"'!L2:L1000=I4) ) > 0, "no rules for comorbidities" )), _xlfn.UNIQUE(_xlfn._xlws.FILTER( '2. Creation of "profiles"'!$E2:$E1000, ( (I2='3. Link of "Profiles" to beds'!$A2:$A1000) * ('2. Creation of "profiles"'!$B2:$B1000 = '3. Link of "Profiles" to beds'!$F2:$F1000) * ('2. Creation of "profiles"'!$C2:$C1000="Predicted risks") * ('2. Creation of "profiles"'!$F2:$F1000=I4) ) > 0, "no rules for predicted risks" )) )} | K6: {=_xlfn.VSTACK( (_xlfn._xlws.FILTER( '2. Creation of "profiles"'!$C2:$C1000, ( ('2. Creation of "profiles"'!$F2:$F1000=K4) * (L2='2. Creation of "profiles"'!$B2:$B1000) ), "" )), (_xlfn._xlws.FILTER( '2. Creation of "profiles"'!$C2:$C1000, ( (K2='3. Link of "Profiles" to beds'!$A2:$A1000) * ('2. Creation of "profiles"'!$B2:$B1000 = '3. Link of "Profiles" to beds'!L2:L1000) * ('2. Creation of "profiles"'!$C2:$C1000="Active conditions") * ('2. Creation of "profiles"'!$F2:$F1000=K4) ) > 0, "" )), (_xlfn._xlws.FILTER( '2. Creation of "profiles"'!$C2:$C1000, ( (K2='3. Link of "Profiles" to beds'!$A2:$A1000) * ('2. Creation of "profiles"'!J2:J1000 = '3. Link of "Profiles" to beds'!M2:M1000) * ('2. Creation of "profiles"'!K2:K1000="Comorbidities") * ('2. Creation of "profiles"'!N2:N1000=K4) ) > 0, "" )), (_xlfn._xlws.FILTER( '2. Creation of "profiles"'!$C2:$C1000, ( (K2='3. Link of "Profiles" to beds'!$A2:$A1000) * ('2. Creation of "profiles"'!$B2:$B1000 = '3. Link of "Profiles" to beds'!$F2:$F1000) * ('2. Creation of "profiles"'!$C2:$C1000="Predicted risks") * ('2. Creation of "profiles"'!$F2:$F1000=K4) ) > 0, "" )) )} | L6: {=_xlfn.VSTACK( _xlfn.UNIQUE(_xlfn._xlws.FILTER( '2. Creation of "profiles"'!$E2:$E1000, ( ('2. Creation of "profiles"'!$F2:$F1000=K4) * (L2='2. Creation of "profiles"'!$B2:$B1000) ), "no rules for patient profile" )), _xlfn.UNIQUE(_xlfn._xlws.FILTER( '2. Creation of "profiles"'!$E2:$E1000, ( (K2='3. Link of "Profiles" to beds'!$A2:$A1000) * ('2. Creation of "profiles"'!$B2:$B1000 = '3. Link of "Profiles" to beds'!J2:J1000) * ('2. Creation of "profiles"'!$C2:$C1000="Active conditions") * ('2. Creation of "profiles"'!$F2:$F1000=K4) ) > 0, "no rules for active conditions" )), _xlfn.UNIQUE(_xlfn._xlws.FILTER( '2. Creation of "profiles"'!$E2:$E1000, ( (K2='3. Link of "Profiles" to beds'!$A2:$A1000) * ('2. Creation of "profiles"'!J2:J1000 = '3. Link of "Profiles" to beds'!K2:K1000) * ('2. Creation of "profiles"'!K2:K1000="Comorbidities") * ('2. Creation of "profiles"'!P2:P1000=K4) ) > 0, "no rules for comorbidities" )), _xlfn.UNIQUE(_xlfn._xlws.FILTER( '2. Creation of "profiles"'!$E2:$E1000, ( (K2='3. Link of "Profiles" to beds'!$A2:$A1000) * ('2. Creation of "profiles"'!$B2:$B1000 = '3. Link of "Profiles" to beds'!$F2:$F1000) * ('2. Creation of "profiles"'!$C2:$C1000="Predicted risks") * ('2. Creation of "profiles"'!$F2:$F1000=K4) ) > 0, "no rules for predicted risks" )) )} | M6: {=_xlfn.VSTACK( (_xlfn._xlws.FILTER( '2. Creation of "profiles"'!$C2:$C1000, ( ('2. Creation of "profiles"'!$F2:$F1000=M4) * (N2='2. Creation of "profiles"'!$B2:$B1000) ), "" )), (_xlfn._xlws.FILTER( '2. Creation of "profiles"'!$C2:$C1000, ( (M2='3. Link of "Profiles" to beds'!$A2:$A1000) * ('2. Creation of "profiles"'!$B2:$B1000 = '3. Link of "Profiles" to beds'!N2:N1000) * ('2. Creation of "profiles"'!$C2:$C1000="Active conditions") * ('2. Creation of "profiles"'!$F2:$F1000=M4) ) > 0, "" )), (_xlfn._xlws.FILTER( '2. Creation of "profiles"'!$C2:$C1000, ( (M2='3. Link of "Profiles" to beds'!$A2:$A1000) * ('2. Creation of "profiles"'!L2:L1000 = '3. Link of "Profiles" to beds'!O2:O1000) * ('2. Creation of "profiles"'!M2:M1000="Comorbidities") * ('2. Creation of "profiles"'!P2:P1000=M4) ) > 0, "" )), (_xlfn._xlws.FILTER( '2. Creation of "profiles"'!$C2:$C1000, ( (M2='3. Link of "Profiles" to beds'!$A2:$A1000) * ('2. Creation of "profiles"'!$B2:$B1000 = '3. Link of "Profiles" to beds'!$F2:$F1000) * ('2. Creation of "profiles"'!$C2:$C1000="Predicted risks") * ('2. Creation of "profiles"'!$F2:$F1000=M4) ) > 0, "" )) )} | N6: {=_xlfn.VSTACK( _xlfn.UNIQUE(_xlfn._xlws.FILTER( '2. Creation of "profiles"'!$E2:$E1000, ( ('2. Creation of "profiles"'!$F2:$F1000=M4) * (N2='2. Creation of "profiles"'!$B2:$B1000) ), "no rules for patient profile" )), _xlfn.UNIQUE(_xlfn._xlws.FILTER( '2. Creation of "profiles"'!$E2:$E1000, ( (M2='3. Link of "Profiles" to beds'!$A2:$A1000) * ('2. Creation of "profiles"'!$B2:$B1000 = '3. Link of "Profiles" to beds'!L2:L1000) * ('2. Creation of "profiles"'!$C2:$C1000="Active conditions") * ('2. Creation of "profiles"'!$F2:$F1000=M4) ) > 0, "no rules for active conditions" )), _xlfn.UNIQUE(_xlfn._xlws.FILTER( '2. Creation of "profiles"'!$E2:$E1000, ( (M2='3. Link of "Profiles" to beds'!$A2:$A1000) * ('2. Creation of "profiles"'!L2:L1000 = '3. Link of "Profiles" to beds'!M2:M1000) * ('2. Creation of "profiles"'!O2:O1000="Comorbidities") * ('2. Creation of "profiles"'!R2:R1000=M4) ) > 0, "no rules for comorbidities" )), _xlfn.UNIQUE(_xlfn._xlws.FILTER( '2. Creation of "profiles"'!$E2:$E1000, ( (M2='3. Link of "Profiles" to beds'!$A2:$A1000) * ('2. Creation of "profiles"'!$B2:$B1000 = '3. Link of "Profiles" to beds'!$F2:$F1000) * ('2. Creation of "profiles"'!$C2:$C1000="Predicted risks") * ('2. Creation of "profiles"'!$F2:$F1000=M4) ) > 0, "no rules for predicted risks" )) )}
D7: no rules for active conditions | E7: Ward | F7: EX-C2-7-1: filtering out non-actionable low SpO2 alarms | G7: Ward | H7: EX-C2-7-1: filtering out non-actionable low SpO2 alarms | I7: Ward | J7: EX-C2-7-1: filtering out non-actionable low SpO2 alarms | L7: no rules for active conditions | N7: no rules for active conditions
D8: no rules for comorbidities | E8: Ward | F8: EX-C1-1 : filtering out non-actionable high ABP alarm | G8: Ward | H8: EX-C1-1 : filtering out non-actionable high ABP alarm | I8: Ward | J8: EX-C1-1 : filtering out non-actionable high ABP alarm | L8: no rules for comorbidities | N8: no rules for comorbidities
D9: no rules for predicted risks | F9: no rules for active conditions | H9: no rules for active conditions | J9: no rules for active conditions | L9: no rules for predicted risks | N9: no rules for predicted risks
F10: no rules for comorbidities | H10: no rules for comorbidities | J10: no rules for comorbidities
F11: no rules for predicted risks | H11: no rules for predicted risks | J11: no rules for predicted risks

Sheet Example configuration
G1: Bed ID | H1: Ward
G2: {=IF(MOD(COLUMN()-COLUMN($A$2),2)=0, INDEX('3. Link of "Profiles" to beds'!$A$2:$A$8, (COLUMN()-COLUMN($A$2))/2+1), "")} | H2: {=IF(MOD(COLUMN()-COLUMN($B$2),2)=0, INDEX('3. Link of "Profiles" to beds'!$B$2:$B$8, (COLUMN()-COLUMN($B$2))/2+1), "")}
H3: 2
G4: Field | H4: Processing Rule | I4: {='2. Creation of "profiles"'!G1:T1} | J4: low SpO2 riemann integral threshold | K4: low HR threshold | L4: high HR threshold | M4: low ABP threshold | N4: high ABP threshold | O4: low average ABP threshold | P4: low average ABP threshold | Q4: high MEWS score threshold | R4: high HR MEWS attribute threshold | S4: high RR MEWS attribute threshold | T4: high Temp MEWS attribute threshold | U4: high SpO2 MEWS attribute threshold | V4: high BP MEWS attribute threshold
G5: Ward | H5: {=_xlfn._xlws.FILTER( '2. Creation of "profiles"'!$E2:$E1000, ( ('2. Creation of "profiles"'!$F2:$F1000="Processing") * (H2='2. Creation of "profiles"'!$B2:$B1000) ), "no rules for ward" )} | I5: {=_xlfn._xlws.FILTER( '2. Creation of "profiles"'!$G2:$T1000, ( ('2. Creation of "profiles"'!$F2:$F1000="Processing") * (H2='2. Creation of "profiles"'!$B2:$B1000) ), "no rules for ward" )} | J5: 0 | K5: 0 | L5: 0 | M5: 0 | N5: 0 | O5: 0 | P5: 0 | Q5: 0 | R5: 0 | S5: 0 | T5: 0 | U5: 0 | V5: 0
G6: Ward | H6: EX-C3-1 : advisory deterioration based on MEWS score | I6: 0 | J6: 0 | K6: 0 | L6: 0 | M6: 0 | N6: 0 | O6: 0 | P6: 0 | Q6: 5 | R6: 10 | S6: 10 | T6: 10 | U6: 10 | V6: 10
G7: Ward | H7: EX-C1-1 : filtering out non-actionable high ABP alarm | I7: 0 | J7: 0 | K7: 0 | L7: 0 | M7: 0 | N7: 0 | O7: 0 | P7: 0 | Q7: 0 | R7: 0 | S7: 0 | T7: 0 | U7: 0 | V7: 0
G8: Active conditions | H8: {=_xlfn._xlws.FILTER('2. Creation of "profiles"'!E:E,('2. Creation of "profiles"'!F:F="Processing")*('2. Creation of "profiles"'!C:C='Overview Processing vs Beds'!G8)*(_xlfn._xlws.FILTER('3. Link of "Profiles" to beds'!D:D,'3. Link of "Profiles" to beds'!A:A='Overview Processing vs Beds'!G2)='2. Creation of "profiles"'!B:B),"none")} | I8: {=_xlfn._xlws.FILTER('2. Creation of "profiles"'!G:T,('2. Creation of "profiles"'!F:F="Processing")*('2. Creation of "profiles"'!C:C='Overview Processing vs Beds'!G8)*(_xlfn._xlws.FILTER('3. Link of "Profiles" to beds'!D:D,'3. Link of "Profiles" to beds'!A:A='Overview Processing vs Beds'!G2)='2. Creation of "profiles"'!B:B),"none")}
G9: Comorbidities | H9: {=_xlfn._xlws.FILTER('2. Creation of "profiles"'!E:E,('2. Creation of "profiles"'!F:F="Processing")*('2. Creation of "profiles"'!C:C='Overview Processing vs Beds'!G9)*(_xlfn._xlws.FILTER('3. Link of "Profiles" to beds'!E:E,'3. Link of "Profiles" to beds'!A:A='Overview Processing vs Beds'!G2)='2. Creation of "profiles"'!B:B),"none")} | I9: {=_xlfn._xlws.FILTER('2. Creation of "profiles"'!G:T,('2. Creation of "profiles"'!F:F="Processing")*('2. Creation of "profiles"'!C:C='Overview Processing vs Beds'!G9)*(_xlfn._xlws.FILTER('3. Link of "Profiles" to beds'!E:E,'3. Link of "Profiles" to beds'!A:A='Overview Processing vs Beds'!G2)='2. Creation of "profiles"'!B:B),"none")} | J9: 0 | K9: 0 | L9: 0 | M9: 0 | N9: 0 | O9: 0 | P9: 0 | Q9: 0 | R9: 0 | S9: 0 | T9: 0 | U9: 0 | V9: 0
G10: Predicted risks | H10: {=_xlfn._xlws.FILTER('2. Creation of "profiles"'!E:E,('2. Creation of "profiles"'!F:F="Processing")*('2. Creation of "profiles"'!C:C='Overview Processing vs Beds'!G10)*(_xlfn._xlws.FILTER('3. Link of "Profiles" to beds'!F:F,'3. Link of "Profiles" to beds'!A:A='Overview Processing vs Beds'!G2)='2. Creation of "profiles"'!B:B),"none")} | I10: {=_xlfn._xlws.FILTER('2. Creation of "profiles"'!G:T,('2. Creation of "profiles"'!F:F="Processing")*('2. Creation of "profiles"'!C:C='Overview Processing vs Beds'!G10)*(_xlfn._xlws.FILTER('3. Link of "Profiles" to beds'!F:F,'3. Link of "Profiles" to beds'!A:A='Overview Processing vs Beds'!G2)='2. Creation of "profiles"'!B:B),"none")} | J10: 0 | K10: 0 | L10: 0 | M10: 0 | N10: 0 | O10: 0 | P10: 0 | Q10: 5 | R10: 2 | S10: 2 | T10: 2 | U10: 10 | V10: 10
G13: Field | H13: Filtering Workflow | I13: {='2. Creation of "profiles"'!G1:T1} | J13: low SpO2 riemann integral threshold | K13: low HR threshold | L13: high HR threshold | M13: low ABP threshold | N13: high ABP threshold | O13: low average ABP threshold | P13: low average ABP threshold | Q13: high MEWS score threshold | R13: high HR MEWS attribute threshold | S13: high RR MEWS attribute threshold | T13: high Temp MEWS attribute threshold | U13: high SpO2 MEWS attribute threshold | V13: high BP MEWS attribute threshold
G14: Ward | H14: {=_xlfn._xlws.FILTER( '2. Creation of "profiles"'!$E2:$E1000, ( ('2. Creation of "profiles"'!$F2:$F1000="Filtering") * (H2='2. Creation of "profiles"'!$B2:$B1000) ), "no rules for ward" )} | I14: {=_xlfn._xlws.FILTER( '2. Creation of "profiles"'!$G2:$T1000, ( ('2. Creation of "profiles"'!$F2:$F1000="Filtering") * (H2='2. Creation of "profiles"'!$B2:$B1000) ), "no rules for ward" )} | J14: 0 | K14: 40 | L14: 120 | M14: 60 | N14: 140 | O14: 0 | P14: 0 | Q14: 0 | R14: 0 | S14: 0 | T14: 0 | U14: 0 | V14: 0
G15: Ward | H15: EX-C2-7-1: filtering out non-actionable low SpO2 alarms | I15: 98 | J15: 0 | K15: 0 | L15: 0 | M15: 0 | N15: 0 | O15: 0 | P15: 0 | Q15: 0 | R15: 0 | S15: 0 | T15: 0 | U15: 0 | V15: 0
G16: Ward | H16: EX-C1-1 : filtering out non-actionable high ABP alarm | I16: 0 | J16: 0 | K16: 0 | L16: 0 | M16: 0 | N16: 150 | O16: 95 | P16: 0 | Q16: 0 | R16: 0 | S16: 0 | T16: 0 | U16: 0 | V16: 0
G17: Active conditions | H17: {=_xlfn._xlws.FILTER('2. Creation of "profiles"'!E:E,('2. Creation of "profiles"'!F:F="Filtering")*('2. Creation of "profiles"'!C:C='Overview Processing vs Beds'!G8)*(_xlfn._xlws.FILTER('3. Link of "Profiles" to beds'!D:D,'3. Link of "Profiles" to beds'!A:A='Overview Processing vs Beds'!G2)='2. Creation of "profiles"'!B:B),"none")} | I17: {=_xlfn._xlws.FILTER('2. Creation of "profiles"'!G:T,('2. Creation of "profiles"'!F:F="Filtering")*('2. Creation of "profiles"'!C:C='Overview Processing vs Beds'!G8)*(_xlfn._xlws.FILTER('3. Link of "Profiles" to beds'!D:D,'3. Link of "Profiles" to beds'!A:A='Overview Processing vs Beds'!G2)='2. Creation of "profiles"'!B:B),"none")}
G18: Comorbidities | H18: {=_xlfn._xlws.FILTER('2. Creation of "profiles"'!E:E,('2. Creation of "profiles"'!F:F="Filtering")*('2. Creation of "profiles"'!C:C='Overview Processing vs Beds'!G9)*(_xlfn._xlws.FILTER('3. Link of "Profiles" to beds'!E:E,'3. Link of "Profiles" to beds'!A:A='Overview Processing vs Beds'!G2)='2. Creation of "profiles"'!B:B),"none")} | I18: {=_xlfn._xlws.FILTER('2. Creation of "profiles"'!G:T,('2. Creation of "profiles"'!F:F="Filtering")*('2. Creation of "profiles"'!C:C='Overview Processing vs Beds'!G9)*(_xlfn._xlws.FILTER('3. Link of "Profiles" to beds'!E:E,'3. Link of "Profiles" to beds'!A:A='Overview Processing vs Beds'!G2)='2. Creation of "profiles"'!B:B),"none")} | J18: 0 | K18: 0 | L18: 0 | M18: 0 | N18: 0 | O18: 0 | P18: 0 | Q18: 0 | R18: 0 | S18: 0 | T18: 0 | U18: 0 | V18: 0
G19: Predicted risks | H19: {=_xlfn._xlws.FILTER('2. Creation of "profiles"'!E:E,('2. Creation of "profiles"'!F:F="Filtering")*('2. Creation of "profiles"'!C:C='Overview Processing vs Beds'!G10)*(_xlfn._xlws.FILTER('3. Link of "Profiles" to beds'!F:F,'3. Link of "Profiles" to beds'!A:A='Overview Processing vs Beds'!G2)='2. Creation of "profiles"'!B:B),"none")} | I19: {=_xlfn._xlws.FILTER('2. Creation of "profiles"'!G:T,('2. Creation of "profiles"'!F:F="Filtering")*('2. Creation of "profiles"'!C:C='Overview Processing vs Beds'!G10)*(_xlfn._xlws.FILTER('3. Link of "Profiles" to beds'!F:F,'3. Link of "Profiles" to beds'!A:A='Overview Processing vs Beds'!G2)='2. Creation of "profiles"'!B:B),"none")}
